{
  "project_info": {
    "project_number": "451245501497",
    "project_id": "phone-number-authenticat-11156",
    "storage_bucket": "phone-number-authenticat-11156.appspot.com"
  },
  "client": [
    {
      "client_info": {
        "mobilesdk_app_id": "1:451245501497:android:b340c63c2a2033a31271e8",
        "android_client_info": {
          "package_name": "com.example.authentication"
        }
      },
      "oauth_client": [
        {
          "client_id": "451245501497-38b3l5jsasbnpleao0ouneoa06cbjn0d.apps.googleusercontent.com",
          "client_type": 3
        }
      ],
      "api_key": [
        {
          "current_key": "AIzaSyCezrGfjUM3HXuih-G1iAZdwN1nhcJIkwE"
        }
      ],
      "services": {
        "appinvite_service": {
          "other_platform_oauth_client": [
            {
              "client_id": "451245501497-38b3l5jsasbnpleao0ouneoa06cbjn0d.apps.googleusercontent.com",
              "client_type": 3
            }
          ]
        }
      }
    },
    {
      "client_info": {
        "mobilesdk_app_id": "1:451245501497:android:99611403361d553e1271e8",
        "android_client_info": {
          "package_name": "com.example.authentication1"
        }
      },
      "oauth_client": [
        {
          "client_id": "451245501497-38b3l5jsasbnpleao0ouneoa06cbjn0d.apps.googleusercontent.com",
          "client_type": 3
        }
      ],
      "api_key": [
        {
          "current_key": "AIzaSyCezrGfjUM3HXuih-G1iAZdwN1nhcJIkwE"
        }
      ],
      "services": {
        "appinvite_service": {
          "other_platform_oauth_client": [
            {
              "client_id": "451245501497-38b3l5jsasbnpleao0ouneoa06cbjn0d.apps.googleusercontent.com",
              "client_type": 3
            }
          ]
        }
      }
    }
  ],
  "configuration_version": "1"
}